passenger_count,pickup_ID,dropoff_ID,request_time_sec
1,0,1922,39609
3,1,1923,39624
1,2,1924,39625
1,3,1925,39626
1,4,1926,39639
1,5,1927,39640
1,6,1928,39646
1,7,1929,39647
1,8,1930,39656
1,9,1931,39656
1,10,1932,39658
1,11,1933,39660
1,12,1934,39664
1,13,1935,39666
1,14,1936,39670
1,15,1937,39678
2,16,1938,39682
1,17,1939,39690
1,18,1940,39695
1,19,1941,39702
1,20,1942,39704
1,21,1943,39704
2,22,1944,39705
1,23,1945,39706
1,24,1946,39710
1,25,1947,39710
1,26,1948,39719
1,27,1949,39724
3,28,1950,39726
1,29,1951,39726
1,30,1952,39736
1,31,1953,39737
1,32,1954,39748
1,33,1955,39748
1,34,1956,39751
1,35,1957,39760
1,36,1958,39764
1,37,1959,39766
5,38,1960,39772
1,39,1961,39775
4,40,1962,39780
1,41,1963,39788
1,42,1964,39794
1,43,1965,39817
1,44,1966,39831
2,45,1967,39835
1,46,1968,39843
1,47,1969,39847
1,48,1970,39854
1,49,1971,39857
1,50,1972,39859
2,51,1973,39864
1,52,1974,39865
1,53,1975,39866
2,54,1976,39868
1,55,1977,39879
1,56,1978,39886
1,57,1979,39905
1,58,1980,39912
1,59,1981,39912
1,60,1982,39918
1,61,1983,39919
5,62,1984,39921
1,63,1985,39933
1,64,1986,39938
1,65,1987,39942
2,66,1988,39943
2,67,1989,39950
1,68,1990,39955
3,69,1991,39956
1,70,1992,39977
6,71,1993,39978
1,72,1994,39978
1,73,1995,39984
1,74,1996,39988
1,75,1997,40001
2,76,1998,40002
6,77,1999,40005
1,78,2000,40008
1,79,2001,40008
4,80,2002,40009
5,81,2003,40015
1,82,2004,40017
1,83,2005,40023
2,84,2006,40027
6,85,2007,40030
1,86,2008,40030
1,87,2009,40033
1,88,2010,40042
1,89,2011,40058
1,90,2012,40060
1,91,2013,40068
5,92,2014,40075
2,93,2015,40091
1,94,2016,40097
1,95,2017,40097
1,96,2018,40098
5,97,2019,40100
1,98,2020,40103
1,99,2021,40111
2,100,2022,40113
1,101,2023,40118
1,102,2024,40121
1,103,2025,40125
6,104,2026,40128
2,105,2027,40145
1,106,2028,40147
2,107,2029,40154
1,108,2030,40161
1,109,2031,40162
3,110,2032,40163
2,111,2033,40170
4,112,2034,40183
1,113,2035,40203
1,114,2036,40207
2,115,2037,40208
1,116,2038,40209
1,117,2039,40212
1,118,2040,40213
1,119,2041,40215
1,120,2042,40216
1,121,2043,40229
1,122,2044,40232
1,123,2045,40233
1,124,2046,40236
1,125,2047,40236
1,126,2048,40240
1,127,2049,40243
3,128,2050,40259
2,129,2051,40260
5,130,2052,40262
1,131,2053,40264
5,132,2054,40266
1,133,2055,40268
1,134,2056,40268
1,135,2057,40273
5,136,2058,40279
1,137,2059,40289
1,138,2060,40300
6,139,2061,40304
1,140,2062,40308
1,141,2063,40313
6,142,2064,40314
1,143,2065,40322
2,144,2066,40327
1,145,2067,40330
5,146,2068,40332
1,147,2069,40332
1,148,2070,40333
1,149,2071,40340
1,150,2072,40344
1,151,2073,40351
1,152,2074,40356
1,153,2075,40360
1,154,2076,40362
1,155,2077,40362
1,156,2078,40367
1,157,2079,40369
3,158,2080,40375
1,159,2081,40376
1,160,2082,40380
2,161,2083,40385
1,162,2084,40391
1,163,2085,40397
1,164,2086,40401
1,165,2087,40407
6,166,2088,40417
1,167,2089,40419
1,168,2090,40419
1,169,2091,40433
5,170,2092,40435
6,171,2093,40437
1,172,2094,40440
6,173,2095,40442
1,174,2096,40443
1,175,2097,40450
1,176,2098,40452
1,177,2099,40455
1,178,2100,40456
1,179,2101,40456
1,180,2102,40468
1,181,2103,40472
1,182,2104,40477
2,183,2105,40479
1,184,2106,40485
1,185,2107,40494
1,186,2108,40495
5,187,2109,40497
1,188,2110,40504
1,189,2111,40505
1,190,2112,40516
2,191,2113,40521
1,192,2114,40534
1,193,2115,40535
1,194,2116,40536
5,195,2117,40537
1,196,2118,40538
1,197,2119,40543
1,198,2120,40543
4,199,2121,40548
1,200,2122,40552
1,201,2123,40556
1,202,2124,40559
1,203,2125,40562
1,204,2126,40563
1,205,2127,40564
2,206,2128,40566
1,207,2129,40566
1,208,2130,40567
1,209,2131,40587
1,210,2132,40591
1,211,2133,40591
2,212,2134,40595
1,213,2135,40597
2,214,2136,40600
6,215,2137,40605
1,216,2138,40605
1,217,2139,40607
1,218,2140,40609
2,219,2141,40612
1,220,2142,40619
1,221,2143,40635
1,222,2144,40640
1,223,2145,40646
1,224,2146,40646
1,225,2147,40652
1,226,2148,40655
3,227,2149,40658
2,228,2150,40662
1,229,2151,40664
1,230,2152,40668
1,231,2153,40683
1,232,2154,40683
2,233,2155,40685
1,234,2156,40695
1,235,2157,40698
1,236,2158,40704
2,237,2159,40704
1,238,2160,40712
1,239,2161,40721
1,240,2162,40722
3,241,2163,40726
2,242,2164,40728
1,243,2165,40732
1,244,2166,40733
6,245,2167,40734
1,246,2168,40739
2,247,2169,40744
1,248,2170,40744
1,249,2171,40746
1,250,2172,40747
1,251,2173,40748
1,252,2174,40751
1,253,2175,40753
1,254,2176,40755
2,255,2177,40759
1,256,2178,40764
1,257,2179,40765
1,258,2180,40770
1,259,2181,40773
1,260,2182,40777
5,261,2183,40783
1,262,2184,40784
2,263,2185,40805
1,264,2186,40807
5,265,2187,40811
1,266,2188,40811
1,267,2189,40819
2,268,2190,40819
2,269,2191,40820
1,270,2192,40822
1,271,2193,40823
1,272,2194,40827
1,273,2195,40828
1,274,2196,40834
2,275,2197,40834
6,276,2198,40836
1,277,2199,40845
1,278,2200,40848
1,279,2201,40851
3,280,2202,40854
1,281,2203,40858
3,282,2204,40859
1,283,2205,40863
3,284,2206,40865
1,285,2207,40869
1,286,2208,40872
1,287,2209,40874
1,288,2210,40876
1,289,2211,40876
2,290,2212,40878
1,291,2213,40880
1,292,2214,40881
1,293,2215,40911
1,294,2216,40912
1,295,2217,40915
1,296,2218,40918
1,297,2219,40927
1,298,2220,40932
1,299,2221,40942
4,300,2222,40949
1,301,2223,40950
1,302,2224,40951
1,303,2225,40955
1,304,2226,40957
3,305,2227,40962
1,306,2228,40970
1,307,2229,40980
2,308,2230,40982
1,309,2231,40991
1,310,2232,40996
1,311,2233,40996
1,312,2234,40998
1,313,2235,40998
1,314,2236,41002
1,315,2237,41005
1,316,2238,41010
1,317,2239,41013
1,318,2240,41019
1,319,2241,41027
1,320,2242,41030
1,321,2243,41033
6,322,2244,41040
1,323,2245,41043
1,324,2246,41049
1,325,2247,41051
1,326,2248,41067
1,327,2249,41070
2,328,2250,41071
3,329,2251,41072
1,330,2252,41075
1,331,2253,41075
1,332,2254,41079
1,333,2255,41080
1,334,2256,41087
2,335,2257,41090
1,336,2258,41093
1,337,2259,41094
6,338,2260,41095
1,339,2261,41096
1,340,2262,41096
1,341,2263,41097
1,342,2264,41098
1,343,2265,41099
1,344,2266,41105
1,345,2267,41110
1,346,2268,41111
1,347,2269,41111
1,348,2270,41125
2,349,2271,41132
1,350,2272,41134
1,351,2273,41137
1,352,2274,41138
1,353,2275,41143
1,354,2276,41149
1,355,2277,41151
3,356,2278,41156
1,357,2279,41159
1,358,2280,41159
2,359,2281,41160
1,360,2282,41160
1,361,2283,41161
1,362,2284,41163
1,363,2285,41169
2,364,2286,41188
1,365,2287,41190
1,366,2288,41193
2,367,2289,41197
1,368,2290,41203
1,369,2291,41203
1,370,2292,41219
1,371,2293,41222
6,372,2294,41238
3,373,2295,41239
1,374,2296,41242
1,375,2297,41243
1,376,2298,41246
1,377,2299,41247
2,378,2300,41253
5,379,2301,41256
1,380,2302,41262
1,381,2303,41262
6,382,2304,41265
4,383,2305,41274
1,384,2306,41277
1,385,2307,41282
1,386,2308,41283
1,387,2309,41286
1,388,2310,41290
2,389,2311,41291
1,390,2312,41293
1,391,2313,41295
6,392,2314,41296
2,393,2315,41298
1,394,2316,41303
3,395,2317,41305
1,396,2318,41315
2,397,2319,41320
1,398,2320,41321
1,399,2321,41324
1,400,2322,41333
1,401,2323,41335
1,402,2324,41338
1,403,2325,41344
1,404,2326,41344
1,405,2327,41351
2,406,2328,41356
2,407,2329,41356
1,408,2330,41357
1,409,2331,41361
1,410,2332,41362
1,411,2333,41363
1,412,2334,41365
1,413,2335,41366
1,414,2336,41369
1,415,2337,41376
1,416,2338,41376
1,417,2339,41383
2,418,2340,41384
1,419,2341,41385
2,420,2342,41385
5,421,2343,41389
1,422,2344,41391
1,423,2345,41397
5,424,2346,41397
6,425,2347,41399
2,426,2348,41402
1,427,2349,41404
1,428,2350,41407
1,429,2351,41410
2,430,2352,41411
1,431,2353,41417
1,432,2354,41422
5,433,2355,41424
2,434,2356,41436
2,435,2357,41436
1,436,2358,41438
2,437,2359,41446
1,438,2360,41452
1,439,2361,41453
2,440,2362,41456
1,441,2363,41456
1,442,2364,41460
1,443,2365,41462
3,444,2366,41463
1,445,2367,41467
1,446,2368,41468
1,447,2369,41470
1,448,2370,41470
2,449,2371,41473
1,450,2372,41479
1,451,2373,41480
1,452,2374,41486
1,453,2375,41486
1,454,2376,41491
3,455,2377,41492
2,456,2378,41501
6,457,2379,41505
1,458,2380,41521
1,459,2381,41524
3,460,2382,41534
1,461,2383,41541
6,462,2384,41548
5,463,2385,41555
1,464,2386,41559
1,465,2387,41567
1,466,2388,41567
1,467,2389,41571
1,468,2390,41574
1,469,2391,41578
1,470,2392,41581
1,471,2393,41583
1,472,2394,41584
6,473,2395,41584
2,474,2396,41596
1,475,2397,41599
1,476,2398,41602
1,477,2399,41602
2,478,2400,41605
1,479,2401,41607
1,480,2402,41611
5,481,2403,41611
1,482,2404,41612
1,483,2405,41613
1,484,2406,41615
1,485,2407,41622
1,486,2408,41624
1,487,2409,41629
1,488,2410,41631
1,489,2411,41632
1,490,2412,41638
1,491,2413,41638
1,492,2414,41639
4,493,2415,41641
4,494,2416,41644
1,495,2417,41652
1,496,2418,41654
2,497,2419,41654
1,498,2420,41669
1,499,2421,41669
1,500,2422,41672
1,501,2423,41673
1,502,2424,41674
1,503,2425,41675
5,504,2426,41680
2,505,2427,41681
2,506,2428,41687
1,507,2429,41689
1,508,2430,41689
2,509,2431,41692
2,510,2432,41693
1,511,2433,41695
2,512,2434,41701
1,513,2435,41702
3,514,2436,41703
1,515,2437,41704
1,516,2438,41706
1,517,2439,41711
1,518,2440,41712
2,519,2441,41719
1,520,2442,41731
1,521,2443,41740
1,522,2444,41741
4,523,2445,41742
1,524,2446,41748
1,525,2447,41751
1,526,2448,41754
2,527,2449,41756
1,528,2450,41756
3,529,2451,41759
1,530,2452,41759
5,531,2453,41760
1,532,2454,41763
1,533,2455,41768
3,534,2456,41770
1,535,2457,41775
1,536,2458,41776
1,537,2459,41784
1,538,2460,41791
1,539,2461,41792
1,540,2462,41792
1,541,2463,41801
1,542,2464,41805
1,543,2465,41809
1,544,2466,41823
1,545,2467,41823
2,546,2468,41826
1,547,2469,41827
1,548,2470,41838
1,549,2471,41838
2,550,2472,41847
1,551,2473,41860
1,552,2474,41870
1,553,2475,41874
1,554,2476,41878
2,555,2477,41882
1,556,2478,41884
1,557,2479,41889
1,558,2480,41892
1,559,2481,41893
1,560,2482,41893
4,561,2483,41897
1,562,2484,41900
6,563,2485,41903
1,564,2486,41904
1,565,2487,41906
1,566,2488,41907
2,567,2489,41908
5,568,2490,41911
1,569,2491,41923
1,570,2492,41923
1,571,2493,41930
1,572,2494,41934
1,573,2495,41935
6,574,2496,41936
1,575,2497,41936
1,576,2498,41941
5,577,2499,41947
1,578,2500,41950
1,579,2501,41954
1,580,2502,41955
1,581,2503,41960
1,582,2504,41961
1,583,2505,41964
1,584,2506,41965
1,585,2507,41965
4,586,2508,41966
1,587,2509,41969
1,588,2510,41970
1,589,2511,41975
1,590,2512,41982
1,591,2513,41986
1,592,2514,41987
1,593,2515,41991
1,594,2516,41992
1,595,2517,41998
1,596,2518,42001
1,597,2519,42006
1,598,2520,42011
1,599,2521,42012
2,600,2522,42016
5,601,2523,42018
1,602,2524,42024
1,603,2525,42025
1,604,2526,42042
6,605,2527,42042
2,606,2528,42044
1,607,2529,42048
1,608,2530,42054
1,609,2531,42055
5,610,2532,42057
2,611,2533,42061
6,612,2534,42063
1,613,2535,42067
2,614,2536,42073
2,615,2537,42074
1,616,2538,42075
6,617,2539,42077
2,618,2540,42084
1,619,2541,42087
1,620,2542,42087
1,621,2543,42089
6,622,2544,42091
1,623,2545,42098
1,624,2546,42098
1,625,2547,42103
1,626,2548,42105
1,627,2549,42110
1,628,2550,42111
1,629,2551,42111
1,630,2552,42118
2,631,2553,42119
1,632,2554,42121
1,633,2555,42132
1,634,2556,42136
1,635,2557,42137
1,636,2558,42140
3,637,2559,42140
1,638,2560,42144
1,639,2561,42153
1,640,2562,42155
1,641,2563,42158
1,642,2564,42160
1,643,2565,42165
1,644,2566,42165
1,645,2567,42171
1,646,2568,42173
1,647,2569,42176
1,648,2570,42177
1,649,2571,42177
1,650,2572,42179
1,651,2573,42180
1,652,2574,42190
1,653,2575,42191
1,654,2576,42191
3,655,2577,42195
1,656,2578,42195
2,657,2579,42196
1,658,2580,42203
1,659,2581,42212
1,660,2582,42214
1,661,2583,42215
1,662,2584,42216
1,663,2585,42227
1,664,2586,42227
1,665,2587,42231
1,666,2588,42237
1,667,2589,42240
2,668,2590,42241
1,669,2591,42241
1,670,2592,42248
1,671,2593,42253
1,672,2594,42255
1,673,2595,42256
1,674,2596,42256
1,675,2597,42257
2,676,2598,42260
5,677,2599,42268
3,678,2600,42269
3,679,2601,42278
2,680,2602,42278
1,681,2603,42287
1,682,2604,42292
1,683,2605,42299
1,684,2606,42300
1,685,2607,42310
6,686,2608,42315
1,687,2609,42320
2,688,2610,42326
1,689,2611,42333
1,690,2612,42333
1,691,2613,42337
1,692,2614,42343
1,693,2615,42346
5,694,2616,42351
1,695,2617,42351
1,696,2618,42357
1,697,2619,42359
1,698,2620,42362
1,699,2621,42364
1,700,2622,42365
3,701,2623,42368
1,702,2624,42380
2,703,2625,42382
1,704,2626,42383
5,705,2627,42390
1,706,2628,42394
1,707,2629,42397
5,708,2630,42398
2,709,2631,42400
1,710,2632,42411
1,711,2633,42413
1,712,2634,42415
1,713,2635,42417
1,714,2636,42420
1,715,2637,42422
2,716,2638,42422
1,717,2639,42424
1,718,2640,42425
1,719,2641,42428
1,720,2642,42442
1,721,2643,42443
1,722,2644,42448
1,723,2645,42449
2,724,2646,42449
1,725,2647,42450
1,726,2648,42455
1,727,2649,42456
1,728,2650,42460
4,729,2651,42461
1,730,2652,42464
1,731,2653,42467
6,732,2654,42469
1,733,2655,42470
5,734,2656,42472
1,735,2657,42474
1,736,2658,42476
1,737,2659,42478
1,738,2660,42482
1,739,2661,42485
1,740,2662,42487
1,741,2663,42488
1,742,2664,42494
1,743,2665,42512
1,744,2666,42514
1,745,2667,42514
1,746,2668,42532
1,747,2669,42534
1,748,2670,42544
1,749,2671,42544
1,750,2672,42548
1,751,2673,42552
1,752,2674,42558
1,753,2675,42559
1,754,2676,42562
1,755,2677,42569
1,756,2678,42571
5,757,2679,42573
2,758,2680,42574
2,759,2681,42579
5,760,2682,42582
1,761,2683,42586
2,762,2684,42588
1,763,2685,42589
1,764,2686,42590
1,765,2687,42592
1,766,2688,42602
1,767,2689,42603
1,768,2690,42605
1,769,2691,42606
3,770,2692,42606
1,771,2693,42616
1,772,2694,42617
1,773,2695,42621
1,774,2696,42622
1,775,2697,42624
5,776,2698,42631
1,777,2699,42632
1,778,2700,42635
1,779,2701,42636
1,780,2702,42636
5,781,2703,42640
2,782,2704,42641
1,783,2705,42649
2,784,2706,42649
4,785,2707,42659
1,786,2708,42660
1,787,2709,42660
1,788,2710,42665
1,789,2711,42665
6,790,2712,42668
1,791,2713,42672
1,792,2714,42673
1,793,2715,42676
3,794,2716,42677
1,795,2717,42680
1,796,2718,42684
1,797,2719,42684
1,798,2720,42691
1,799,2721,42694
1,800,2722,42706
1,801,2723,42706
2,802,2724,42710
1,803,2725,42713
1,804,2726,42714
2,805,2727,42717
1,806,2728,42719
1,807,2729,42722
1,808,2730,42724
2,809,2731,42726
1,810,2732,42726
1,811,2733,42729
1,812,2734,42731
1,813,2735,42735
2,814,2736,42747
1,815,2737,42747
1,816,2738,42752
1,817,2739,42759
5,818,2740,42759
1,819,2741,42768
1,820,2742,42773
6,821,2743,42781
2,822,2744,42781
1,823,2745,42781
2,824,2746,42783
1,825,2747,42792
1,826,2748,42792
1,827,2749,42792
1,828,2750,42795
1,829,2751,42797
1,830,2752,42801
1,831,2753,42804
1,832,2754,42805
1,833,2755,42806
1,834,2756,42807
1,835,2757,42809
3,836,2758,42810
1,837,2759,42810
1,838,2760,42821
1,839,2761,42823
2,840,2762,42827
1,841,2763,42830
1,842,2764,42833
2,843,2765,42842
1,844,2766,42847
1,845,2767,42850
1,846,2768,42851
1,847,2769,42852
1,848,2770,42860
6,849,2771,42860
2,850,2772,42860
5,851,2773,42861
1,852,2774,42870
2,853,2775,42873
5,854,2776,42879
1,855,2777,42881
6,856,2778,42886
5,857,2779,42886
1,858,2780,42887
4,859,2781,42888
4,860,2782,42892
1,861,2783,42892
5,862,2784,42896
1,863,2785,42898
3,864,2786,42899
1,865,2787,42906
2,866,2788,42908
1,867,2789,42910
1,868,2790,42924
1,869,2791,42929
1,870,2792,42937
2,871,2793,42938
1,872,2794,42944
1,873,2795,42945
3,874,2796,42952
1,875,2797,42953
2,876,2798,42957
1,877,2799,42961
1,878,2800,42964
5,879,2801,42965
1,880,2802,42967
5,881,2803,42968
1,882,2804,42972
2,883,2805,42977
3,884,2806,42979
1,885,2807,42990
1,886,2808,42992
1,887,2809,42997
3,888,2810,43011
1,889,2811,43012
1,890,2812,43016
3,891,2813,43035
1,892,2814,43037
1,893,2815,43042
1,894,2816,43046
1,895,2817,43053
1,896,2818,43055
1,897,2819,43057
1,898,2820,43059
1,899,2821,43060
2,900,2822,43060
1,901,2823,43062
1,902,2824,43063
1,903,2825,43066
1,904,2826,43067
1,905,2827,43067
2,906,2828,43077
5,907,2829,43081
5,908,2830,43085
1,909,2831,43086
2,910,2832,43088
1,911,2833,43090
1,912,2834,43098
2,913,2835,43102
1,914,2836,43103
1,915,2837,43111
4,916,2838,43112
1,917,2839,43120
2,918,2840,43123
1,919,2841,43123
3,920,2842,43130
1,921,2843,43131
1,922,2844,43132
2,923,2845,43134
1,924,2846,43134
1,925,2847,43134
1,926,2848,43145
2,927,2849,43147
1,928,2850,43147
1,929,2851,43150
1,930,2852,43151
1,931,2853,43165
1,932,2854,43165
1,933,2855,43170
1,934,2856,43175
1,935,2857,43175
1,936,2858,43182
1,937,2859,43185
2,938,2860,43197
1,939,2861,43197
2,940,2862,43204
5,941,2863,43210
1,942,2864,43211
4,943,2865,43216
1,944,2866,43219
1,945,2867,43226
5,946,2868,43228
1,947,2869,43228
2,948,2870,43237
1,949,2871,43247
1,950,2872,43250
1,951,2873,43257
3,952,2874,43265
1,953,2875,43270
1,954,2876,43273
1,955,2877,43280
1,956,2878,43282
1,957,2879,43282
1,958,2880,43295
2,959,2881,43296
1,960,2882,43299
1,961,2883,43317
1,962,2884,43318
1,963,2885,43324
2,964,2886,43326
1,965,2887,43326
2,966,2888,43328
1,967,2889,43328
1,968,2890,43337
1,969,2891,43359
1,970,2892,43359
1,971,2893,43362
1,972,2894,43362
1,973,2895,43366
1,974,2896,43373
1,975,2897,43376
1,976,2898,43377
2,977,2899,43377
1,978,2900,43380
2,979,2901,43381
1,980,2902,43382
1,981,2903,43387
1,982,2904,43387
1,983,2905,43399
1,984,2906,43417
4,985,2907,43421
1,986,2908,43428
6,987,2909,43428
1,988,2910,43436
1,989,2911,43441
1,990,2912,43450
1,991,2913,43453
1,992,2914,43455
1,993,2915,43458
5,994,2916,43460
1,995,2917,43463
3,996,2918,43463
1,997,2919,43465
1,998,2920,43466
6,999,2921,43470
1,1000,2922,43471
1,1001,2923,43473
3,1002,2924,43476
1,1003,2925,43479
4,1004,2926,43486
1,1005,2927,43487
2,1006,2928,43487
1,1007,2929,43488
1,1008,2930,43492
2,1009,2931,43494
2,1010,2932,43503
2,1011,2933,43511
1,1012,2934,43515
1,1013,2935,43532
1,1014,2936,43533
1,1015,2937,43534
1,1016,2938,43534
5,1017,2939,43536
1,1018,2940,43537
1,1019,2941,43537
5,1020,2942,43543
1,1021,2943,43545
1,1022,2944,43555
1,1023,2945,43555
1,1024,2946,43556
1,1025,2947,43557
1,1026,2948,43559
1,1027,2949,43564
4,1028,2950,43567
2,1029,2951,43572
1,1030,2952,43574
1,1031,2953,43576
1,1032,2954,43578
1,1033,2955,43588
1,1034,2956,43591
1,1035,2957,43593
1,1036,2958,43597
1,1037,2959,43599
2,1038,2960,43599
1,1039,2961,43600
2,1040,2962,43601
1,1041,2963,43609
2,1042,2964,43620
5,1043,2965,43625
1,1044,2966,43628
1,1045,2967,43631
1,1046,2968,43632
1,1047,2969,43642
1,1048,2970,43642
2,1049,2971,43644
1,1050,2972,43656
1,1051,2973,43658
1,1052,2974,43659
1,1053,2975,43660
5,1054,2976,43662
2,1055,2977,43663
1,1056,2978,43665
2,1057,2979,43669
1,1058,2980,43678
1,1059,2981,43679
1,1060,2982,43679
1,1061,2983,43682
1,1062,2984,43687
1,1063,2985,43689
1,1064,2986,43690
1,1065,2987,43690
1,1066,2988,43694
1,1067,2989,43694
1,1068,2990,43695
1,1069,2991,43705
1,1070,2992,43708
2,1071,2993,43714
1,1072,2994,43720
1,1073,2995,43721
1,1074,2996,43745
1,1075,2997,43748
3,1076,2998,43749
1,1077,2999,43750
1,1078,3000,43763
5,1079,3001,43769
1,1080,3002,43770
1,1081,3003,43775
1,1082,3004,43778
1,1083,3005,43791
1,1084,3006,43800
1,1085,3007,43802
1,1086,3008,43805
1,1087,3009,43809
1,1088,3010,43822
3,1089,3011,43824
5,1090,3012,43824
1,1091,3013,43828
1,1092,3014,43830
1,1093,3015,43835
1,1094,3016,43839
1,1095,3017,43839
1,1096,3018,43876
1,1097,3019,43877
2,1098,3020,43884
1,1099,3021,43891
1,1100,3022,43894
1,1101,3023,43895
1,1102,3024,43902
5,1103,3025,43903
1,1104,3026,43912
1,1105,3027,43912
1,1106,3028,43913
1,1107,3029,43914
1,1108,3030,43916
2,1109,3031,43916
6,1110,3032,43918
3,1111,3033,43918
1,1112,3034,43924
6,1113,3035,43925
5,1114,3036,43941
5,1115,3037,43942
1,1116,3038,43943
1,1117,3039,43944
1,1118,3040,43947
1,1119,3041,43949
4,1120,3042,43960
1,1121,3043,43962
1,1122,3044,44013
1,1123,3045,44016
1,1124,3046,44017
1,1125,3047,44018
1,1126,3048,44018
1,1127,3049,44019
1,1128,3050,44028
2,1129,3051,44028
1,1130,3052,44030
2,1131,3053,44039
1,1132,3054,44049
1,1133,3055,44050
1,1134,3056,44052
1,1135,3057,44058
1,1136,3058,44063
6,1137,3059,44065
1,1138,3060,44067
1,1139,3061,44069
1,1140,3062,44071
1,1141,3063,44072
1,1142,3064,44073
1,1143,3065,44076
1,1144,3066,44078
1,1145,3067,44079
1,1146,3068,44081
1,1147,3069,44083
1,1148,3070,44085
1,1149,3071,44090
3,1150,3072,44096
3,1151,3073,44099
2,1152,3074,44101
1,1153,3075,44108
1,1154,3076,44109
1,1155,3077,44121
1,1156,3078,44125
2,1157,3079,44130
1,1158,3080,44131
1,1159,3081,44133
1,1160,3082,44133
1,1161,3083,44134
1,1162,3084,44136
2,1163,3085,44136
1,1164,3086,44136
1,1165,3087,44138
1,1166,3088,44139
1,1167,3089,44142
3,1168,3090,44145
2,1169,3091,44146
1,1170,3092,44147
1,1171,3093,44147
1,1172,3094,44152
1,1173,3095,44154
1,1174,3096,44156
1,1175,3097,44158
5,1176,3098,44158
1,1177,3099,44161
1,1178,3100,44162
3,1179,3101,44164
1,1180,3102,44170
1,1181,3103,44173
1,1182,3104,44178
2,1183,3105,44183
2,1184,3106,44184
1,1185,3107,44184
1,1186,3108,44187
1,1187,3109,44187
1,1188,3110,44194
1,1189,3111,44194
6,1190,3112,44197
1,1191,3113,44197
1,1192,3114,44207
2,1193,3115,44213
1,1194,3116,44215
1,1195,3117,44217
1,1196,3118,44217
1,1197,3119,44218
1,1198,3120,44218
1,1199,3121,44222
1,1200,3122,44225
1,1201,3123,44237
1,1202,3124,44238
1,1203,3125,44242
1,1204,3126,44249
1,1205,3127,44254
1,1206,3128,44259
4,1207,3129,44264
2,1208,3130,44268
3,1209,3131,44269
1,1210,3132,44273
2,1211,3133,44274
2,1212,3134,44278
1,1213,3135,44284
1,1214,3136,44303
1,1215,3137,44312
3,1216,3138,44317
1,1217,3139,44317
1,1218,3140,44319
4,1219,3141,44322
1,1220,3142,44325
1,1221,3143,44327
5,1222,3144,44340
1,1223,3145,44340
1,1224,3146,44341
1,1225,3147,44343
1,1226,3148,44348
1,1227,3149,44348
1,1228,3150,44360
2,1229,3151,44368
1,1230,3152,44371
1,1231,3153,44372
6,1232,3154,44373
1,1233,3155,44373
1,1234,3156,44374
1,1235,3157,44381
1,1236,3158,44384
1,1237,3159,44391
1,1238,3160,44393
1,1239,3161,44398
1,1240,3162,44403
1,1241,3163,44403
5,1242,3164,44404
1,1243,3165,44407
1,1244,3166,44407
2,1245,3167,44409
1,1246,3168,44409
5,1247,3169,44411
1,1248,3170,44413
1,1249,3171,44414
3,1250,3172,44418
2,1251,3173,44419
2,1252,3174,44424
2,1253,3175,44425
2,1254,3176,44425
1,1255,3177,44428
1,1256,3178,44429
1,1257,3179,44434
2,1258,3180,44441
1,1259,3181,44447
2,1260,3182,44447
5,1261,3183,44448
3,1262,3184,44450
2,1263,3185,44452
1,1264,3186,44453
1,1265,3187,44456
1,1266,3188,44468
1,1267,3189,44472
1,1268,3190,44473
1,1269,3191,44475
1,1270,3192,44483
1,1271,3193,44485
1,1272,3194,44487
2,1273,3195,44490
1,1274,3196,44501
1,1275,3197,44501
1,1276,3198,44507
1,1277,3199,44507
1,1278,3200,44511
1,1279,3201,44512
1,1280,3202,44512
5,1281,3203,44517
1,1282,3204,44517
1,1283,3205,44518
2,1284,3206,44523
1,1285,3207,44526
1,1286,3208,44528
1,1287,3209,44531
1,1288,3210,44542
1,1289,3211,44543
1,1290,3212,44549
1,1291,3213,44555
1,1292,3214,44556
2,1293,3215,44557
1,1294,3216,44557
1,1295,3217,44561
1,1296,3218,44567
4,1297,3219,44571
1,1298,3220,44577
1,1299,3221,44590
2,1300,3222,44590
6,1301,3223,44592
1,1302,3224,44595
1,1303,3225,44598
1,1304,3226,44598
1,1305,3227,44612
1,1306,3228,44614
1,1307,3229,44617
2,1308,3230,44618
1,1309,3231,44620
1,1310,3232,44621
1,1311,3233,44624
1,1312,3234,44625
2,1313,3235,44625
1,1314,3236,44639
5,1315,3237,44645
1,1316,3238,44647
1,1317,3239,44652
1,1318,3240,44654
1,1319,3241,44661
1,1320,3242,44663
1,1321,3243,44670
1,1322,3244,44674
1,1323,3245,44676
1,1324,3246,44677
3,1325,3247,44685
1,1326,3248,44686
2,1327,3249,44688
2,1328,3250,44695
1,1329,3251,44697
1,1330,3252,44699
1,1331,3253,44705
1,1332,3254,44714
1,1333,3255,44715
1,1334,3256,44717
2,1335,3257,44717
3,1336,3258,44718
1,1337,3259,44725
1,1338,3260,44728
1,1339,3261,44732
1,1340,3262,44732
6,1341,3263,44734
1,1342,3264,44734
2,1343,3265,44734
2,1344,3266,44737
1,1345,3267,44738
1,1346,3268,44745
1,1347,3269,44746
1,1348,3270,44751
1,1349,3271,44767
4,1350,3272,44770
1,1351,3273,44777
1,1352,3274,44789
1,1353,3275,44796
3,1354,3276,44799
1,1355,3277,44801
2,1356,3278,44802
1,1357,3279,44807
1,1358,3280,44812
4,1359,3281,44817
1,1360,3282,44821
2,1361,3283,44824
5,1362,3284,44825
1,1363,3285,44826
1,1364,3286,44832
1,1365,3287,44853
1,1366,3288,44858
1,1367,3289,44859
1,1368,3290,44861
3,1369,3291,44865
1,1370,3292,44865
1,1371,3293,44869
1,1372,3294,44871
1,1373,3295,44871
1,1374,3296,44874
1,1375,3297,44877
1,1376,3298,44879
1,1377,3299,44890
1,1378,3300,44892
1,1379,3301,44892
1,1380,3302,44893
1,1381,3303,44900
1,1382,3304,44906
1,1383,3305,44911
1,1384,3306,44914
1,1385,3307,44917
2,1386,3308,44925
1,1387,3309,44928
1,1388,3310,44934
1,1389,3311,44936
1,1390,3312,44937
1,1391,3313,44939
1,1392,3314,44942
1,1393,3315,44943
1,1394,3316,44944
1,1395,3317,44945
1,1396,3318,44948
5,1397,3319,44953
1,1398,3320,44954
1,1399,3321,44957
3,1400,3322,44960
3,1401,3323,44960
1,1402,3324,44963
1,1403,3325,44966
1,1404,3326,44972
1,1405,3327,44974
1,1406,3328,44981
6,1407,3329,44990
1,1408,3330,44995
2,1409,3331,44995
1,1410,3332,44998
1,1411,3333,45000
1,1412,3334,45000
2,1413,3335,45004
3,1414,3336,45009
1,1415,3337,45015
1,1416,3338,45023
1,1417,3339,45028
1,1418,3340,45030
1,1419,3341,45030
1,1420,3342,45037
6,1421,3343,45038
1,1422,3344,45043
2,1423,3345,45044
5,1424,3346,45045
1,1425,3347,45046
2,1426,3348,45059
1,1427,3349,45060
2,1428,3350,45063
1,1429,3351,45082
1,1430,3352,45089
1,1431,3353,45090
1,1432,3354,45096
1,1433,3355,45102
5,1434,3356,45111
2,1435,3357,45115
1,1436,3358,45116
1,1437,3359,45119
1,1438,3360,45120
1,1439,3361,45121
2,1440,3362,45125
1,1441,3363,45127
2,1442,3364,45134
5,1443,3365,45140
1,1444,3366,45146
2,1445,3367,45148
1,1446,3368,45148
5,1447,3369,45155
6,1448,3370,45159
1,1449,3371,45159
1,1450,3372,45165
3,1451,3373,45165
6,1452,3374,45166
1,1453,3375,45167
1,1454,3376,45171
1,1455,3377,45176
1,1456,3378,45176
1,1457,3379,45176
6,1458,3380,45187
1,1459,3381,45189
1,1460,3382,45189
1,1461,3383,45195
1,1462,3384,45199
1,1463,3385,45203
1,1464,3386,45208
1,1465,3387,45208
1,1466,3388,45224
1,1467,3389,45236
1,1468,3390,45248
1,1469,3391,45252
1,1470,3392,45252
1,1471,3393,45263
1,1472,3394,45264
6,1473,3395,45266
1,1474,3396,45271
1,1475,3397,45273
1,1476,3398,45295
1,1477,3399,45296
1,1478,3400,45300
1,1479,3401,45309
1,1480,3402,45312
2,1481,3403,45313
1,1482,3404,45328
5,1483,3405,45329
1,1484,3406,45331
1,1485,3407,45344
1,1486,3408,45345
6,1487,3409,45345
1,1488,3410,45352
1,1489,3411,45354
1,1490,3412,45354
2,1491,3413,45357
1,1492,3414,45358
1,1493,3415,45361
1,1494,3416,45362
1,1495,3417,45366
2,1496,3418,45367
2,1497,3419,45378
1,1498,3420,45381
1,1499,3421,45386
4,1500,3422,45391
2,1501,3423,45395
1,1502,3424,45397
1,1503,3425,45397
1,1504,3426,45403
1,1505,3427,45403
1,1506,3428,45409
1,1507,3429,45412
1,1508,3430,45414
1,1509,3431,45416
1,1510,3432,45416
1,1511,3433,45427
1,1512,3434,45431
2,1513,3435,45431
1,1514,3436,45432
1,1515,3437,45436
2,1516,3438,45436
1,1517,3439,45441
1,1518,3440,45441
1,1519,3441,45444
1,1520,3442,45444
1,1521,3443,45448
1,1522,3444,45448
6,1523,3445,45457
1,1524,3446,45459
1,1525,3447,45467
1,1526,3448,45470
1,1527,3449,45473
1,1528,3450,45474
6,1529,3451,45483
2,1530,3452,45490
4,1531,3453,45490
1,1532,3454,45494
5,1533,3455,45500
1,1534,3456,45506
2,1535,3457,45509
1,1536,3458,45515
1,1537,3459,45517
1,1538,3460,45531
1,1539,3461,45535
1,1540,3462,45536
1,1541,3463,45545
2,1542,3464,45547
1,1543,3465,45553
1,1544,3466,45555
5,1545,3467,45558
1,1546,3468,45567
1,1547,3469,45569
1,1548,3470,45571
5,1549,3471,45573
1,1550,3472,45576
1,1551,3473,45577
1,1552,3474,45583
1,1553,3475,45586
1,1554,3476,45591
2,1555,3477,45591
1,1556,3478,45591
1,1557,3479,45592
2,1558,3480,45592
1,1559,3481,45600
1,1560,3482,45606
1,1561,3483,45608
1,1562,3484,45608
1,1563,3485,45613
1,1564,3486,45620
2,1565,3487,45622
1,1566,3488,45624
1,1567,3489,45624
2,1568,3490,45627
1,1569,3491,45639
1,1570,3492,45640
6,1571,3493,45641
1,1572,3494,45651
1,1573,3495,45652
1,1574,3496,45658
1,1575,3497,45659
1,1576,3498,45660
1,1577,3499,45662
1,1578,3500,45664
5,1579,3501,45667
1,1580,3502,45667
1,1581,3503,45670
1,1582,3504,45671
1,1583,3505,45674
1,1584,3506,45685
1,1585,3507,45685
1,1586,3508,45694
6,1587,3509,45695
1,1588,3510,45699
2,1589,3511,45704
2,1590,3512,45711
2,1591,3513,45717
1,1592,3514,45721
1,1593,3515,45721
6,1594,3516,45725
1,1595,3517,45726
1,1596,3518,45731
1,1597,3519,45731
1,1598,3520,45733
1,1599,3521,45735
1,1600,3522,45749
1,1601,3523,45756
1,1602,3524,45757
1,1603,3525,45764
2,1604,3526,45768
1,1605,3527,45773
1,1606,3528,45774
1,1607,3529,45781
2,1608,3530,45781
4,1609,3531,45790
5,1610,3532,45801
1,1611,3533,45803
1,1612,3534,45803
4,1613,3535,45813
3,1614,3536,45815
1,1615,3537,45815
1,1616,3538,45818
5,1617,3539,45820
1,1618,3540,45827
1,1619,3541,45828
2,1620,3542,45836
1,1621,3543,45840
1,1622,3544,45841
3,1623,3545,45845
1,1624,3546,45850
5,1625,3547,45852
1,1626,3548,45863
1,1627,3549,45864
1,1628,3550,45865
2,1629,3551,45866
1,1630,3552,45869
2,1631,3553,45874
1,1632,3554,45876
1,1633,3555,45877
2,1634,3556,45884
2,1635,3557,45889
1,1636,3558,45894
1,1637,3559,45898
1,1638,3560,45901
1,1639,3561,45903
1,1640,3562,45904
1,1641,3563,45907
6,1642,3564,45914
1,1643,3565,45916
1,1644,3566,45919
1,1645,3567,45919
1,1646,3568,45924
1,1647,3569,45925
5,1648,3570,45925
1,1649,3571,45938
1,1650,3572,45939
3,1651,3573,45940
1,1652,3574,45943
1,1653,3575,45954
3,1654,3576,45954
1,1655,3577,45955
5,1656,3578,45956
2,1657,3579,45960
1,1658,3580,45960
1,1659,3581,45965
1,1660,3582,45966
1,1661,3583,45978
1,1662,3584,45982
2,1663,3585,45984
1,1664,3586,45989
1,1665,3587,45992
1,1666,3588,45994
1,1667,3589,45996
1,1668,3590,45996
1,1669,3591,45998
1,1670,3592,46006
1,1671,3593,46006
1,1672,3594,46012
1,1673,3595,46012
1,1674,3596,46021
1,1675,3597,46021
1,1676,3598,46024
2,1677,3599,46027
2,1678,3600,46029
3,1679,3601,46032
1,1680,3602,46035
1,1681,3603,46041
5,1682,3604,46043
1,1683,3605,46050
1,1684,3606,46060
1,1685,3607,46063
3,1686,3608,46067
1,1687,3609,46073
1,1688,3610,46074
1,1689,3611,46075
2,1690,3612,46075
1,1691,3613,46087
1,1692,3614,46090
2,1693,3615,46091
2,1694,3616,46091
2,1695,3617,46097
1,1696,3618,46098
2,1697,3619,46099
1,1698,3620,46101
1,1699,3621,46102
1,1700,3622,46107
1,1701,3623,46109
1,1702,3624,46109
1,1703,3625,46109
1,1704,3626,46118
1,1705,3627,46120
1,1706,3628,46123
1,1707,3629,46124
1,1708,3630,46130
5,1709,3631,46131
2,1710,3632,46137
2,1711,3633,46139
1,1712,3634,46142
1,1713,3635,46142
1,1714,3636,46143
1,1715,3637,46147
1,1716,3638,46151
1,1717,3639,46151
1,1718,3640,46152
1,1719,3641,46155
1,1720,3642,46158
2,1721,3643,46158
5,1722,3644,46159
2,1723,3645,46188
2,1724,3646,46190
1,1725,3647,46192
1,1726,3648,46202
2,1727,3649,46214
5,1728,3650,46216
1,1729,3651,46218
1,1730,3652,46218
1,1731,3653,46222
1,1732,3654,46229
1,1733,3655,46230
1,1734,3656,46232
1,1735,3657,46238
1,1736,3658,46240
2,1737,3659,46241
1,1738,3660,46246
1,1739,3661,46247
6,1740,3662,46248
1,1741,3663,46251
1,1742,3664,46255
1,1743,3665,46256
1,1744,3666,46265
1,1745,3667,46266
1,1746,3668,46267
1,1747,3669,46269
2,1748,3670,46280
1,1749,3671,46283
2,1750,3672,46284
5,1751,3673,46286
1,1752,3674,46288
1,1753,3675,46288
1,1754,3676,46289
1,1755,3677,46289
1,1756,3678,46291
2,1757,3679,46293
1,1758,3680,46297
1,1759,3681,46309
2,1760,3682,46310
1,1761,3683,46315
1,1762,3684,46317
1,1763,3685,46321
2,1764,3686,46332
1,1765,3687,46334
1,1766,3688,46336
1,1767,3689,46336
1,1768,3690,46339
1,1769,3691,46340
3,1770,3692,46347
1,1771,3693,46349
1,1772,3694,46351
5,1773,3695,46352
1,1774,3696,46358
2,1775,3697,46359
1,1776,3698,46361
1,1777,3699,46365
1,1778,3700,46368
2,1779,3701,46371
2,1780,3702,46379
6,1781,3703,46393
1,1782,3704,46393
1,1783,3705,46394
1,1784,3706,46399
1,1785,3707,46403
1,1786,3708,46403
1,1787,3709,46405
2,1788,3710,46405
1,1789,3711,46408
1,1790,3712,46411
1,1791,3713,46411
1,1792,3714,46416
1,1793,3715,46422
4,1794,3716,46426
1,1795,3717,46428
6,1796,3718,46432
5,1797,3719,46436
5,1798,3720,46436
1,1799,3721,46437
1,1800,3722,46439
2,1801,3723,46443
1,1802,3724,46449
1,1803,3725,46449
1,1804,3726,46450
1,1805,3727,46453
1,1806,3728,46454
1,1807,3729,46455
1,1808,3730,46455
1,1809,3731,46457
1,1810,3732,46458
4,1811,3733,46462
3,1812,3734,46467
1,1813,3735,46467
1,1814,3736,46471
2,1815,3737,46472
1,1816,3738,46475
1,1817,3739,46480
5,1818,3740,46481
2,1819,3741,46481
1,1820,3742,46482
1,1821,3743,46487
1,1822,3744,46490
1,1823,3745,46503
1,1824,3746,46506
1,1825,3747,46511
2,1826,3748,46511
1,1827,3749,46516
1,1828,3750,46516
3,1829,3751,46517
1,1830,3752,46522
6,1831,3753,46528
2,1832,3754,46533
1,1833,3755,46537
1,1834,3756,46539
1,1835,3757,46555
2,1836,3758,46556
1,1837,3759,46557
1,1838,3760,46558
1,1839,3761,46566
1,1840,3762,46568
2,1841,3763,46572
1,1842,3764,46572
1,1843,3765,46576
1,1844,3766,46578
2,1845,3767,46580
1,1846,3768,46581
1,1847,3769,46582
1,1848,3770,46585
1,1849,3771,46588
2,1850,3772,46593
1,1851,3773,46595
1,1852,3774,46601
1,1853,3775,46608
1,1854,3776,46609
1,1855,3777,46611
1,1856,3778,46612
1,1857,3779,46613
1,1858,3780,46613
1,1859,3781,46616
1,1860,3782,46622
1,1861,3783,46623
2,1862,3784,46623
6,1863,3785,46623
1,1864,3786,46628
1,1865,3787,46629
3,1866,3788,46630
1,1867,3789,46630
1,1868,3790,46633
1,1869,3791,46633
1,1870,3792,46636
1,1871,3793,46637
1,1872,3794,46641
1,1873,3795,46644
1,1874,3796,46649
3,1875,3797,46650
6,1876,3798,46654
1,1877,3799,46655
1,1878,3800,46657
5,1879,3801,46659
4,1880,3802,46664
1,1881,3803,46666
1,1882,3804,46670
1,1883,3805,46673
1,1884,3806,46673
1,1885,3807,46675
1,1886,3808,46679
1,1887,3809,46680
1,1888,3810,46683
1,1889,3811,46686
1,1890,3812,46699
1,1891,3813,46701
6,1892,3814,46702
1,1893,3815,46707
1,1894,3816,46710
1,1895,3817,46712
1,1896,3818,46713
1,1897,3819,46714
1,1898,3820,46719
2,1899,3821,46719
1,1900,3822,46729
1,1901,3823,46730
4,1902,3824,46741
1,1903,3825,46741
1,1904,3826,46744
1,1905,3827,46745
1,1906,3828,46751
2,1907,3829,46752
1,1908,3830,46757
2,1909,3831,46757
1,1910,3832,46758
1,1911,3833,46759
1,1912,3834,46761
1,1913,3835,46766
1,1914,3836,46767
2,1915,3837,46771
1,1916,3838,46773
1,1917,3839,46786
2,1918,3840,46787
1,1919,3841,46790
1,1920,3842,46792
1,1921,3843,46799
